council,council_type,council_region,control_at_declaration,control_now,leader,proposer,made_declaration,date_made,motion_link,ref_to_adaptation,ecological_emergency,ref_to_nature,call_to_gov,carbon_neutral_date,carbon_neutral_whole_date,notes,motion_url,authority_code,gss_code
Aberdeen City Council,Unitary Scotland,Scotland,,NOC,CON+IND,,N,,Link (turned down motion),,No,None,,2045.0,None (Vision document says target will be set with strategy),,#NAME?,ABE,S12000033
Aberdeenshire Council,Unitary Scotland,Scotland,,NOC,CON+LD+IND,,"N but made a climate change declaration which ""recognises the world faces a climate challenge""",,Link to climate change declaration,No,No,"Yes ""promoting biodiversity;""",No,,"2045 ""Work with others across the region to ensure that Aberdeenshire reaches Net Zero by 2045""",,#NAME?,ABD,S12000034
Adur District Council,District,England,Con,Con,Con maj,Conservative,Y,18/07/2019,Link,No,No,None,Yes,2030.0,"2050

Also confirmed as 2050 from this Scatter report",,#NAME?,ADU,E07000223
Allerdale Borough Council,District,England,NOC,NOC,IND+CON,Labour,Y (used the word 'emergency'),25/09/2019,Link,No,No,Yes (Environment),Yes,2030.0,2030 (confirmed),,#NAME?,ALL,E07000026
Amber Valley Borough Council,District,England,Lab,Con,Con maj,Labour,Y,24/07/2019,Link,No,No,None,Yes,2030.0,None,,#NAME?,AMB,E07000032
Angus Council,Unitary Scotland,Scotland,NOC,NOC,Con + Lib Dem + Ind,SNP,Y,05/09/2019,Link,Yes,No,"Yes ""We recognise the importance of biodiversity, land use and our natural environment in our drive to reduce the impact of climate change.""",No,2045.0,2045,,#NAME?,ANS,S12000041
Antrim and Newtownabbey Borough Council,Unitary NI,Northern Ireland,,NOC,DUP min,,N,,,,No,None,,,None,,#NAME?,ANN,N09000001
Ards and North Down Council,Unitary NI,Northern Ireland,NOC,NOC,DUP min,Green,Y,27/02/2019,Link,Yes,No,None,No (mentioned in minutes but not in resolution),,None (2030 is mentioned in the minutes but is not passed in the resolution. Confirmed here),,#NAME?,AND,N09000011
Argyll and Bute Council,Unitary Scotland,Scotland,NOC,NOC,CON+LD+IND,Lib Dem,"Y (updated from just ""Recognises the growing concerns about the climate change emergency"" on 26th Sept 2019)",30/09/2021,Link,No,No,No,No,2045.0,None,,#NAME?,AGB,S12000035
"Armagh City, Banbridge and Craigavon Borough Council",Unitary NI,Northern Ireland,NOC,NOC,DUP min,,N (checking with Cllr),,,,No,No,,,None,,#NAME?,ABC,N09000002
Arun District Council,District,England,NOC,NOC,Lib Dem min,Lib Dem,Y,15/01/2020,Link,No,No,Later approved motion to highlight biodiversity crisis,No,2030.0,None,,#NAME?,ARU,E07000224
Ashfield District Council,District,England,,IND,IND maj,,N,,,,No,No,,,None,,#NAME?,ASH,E07000170
Ashford Borough Council,District,England,,Con,Con maj,,N,,Link to 2030 motion passed,,No,No,No,2030.0,"2030 ""Ashford Borough and Ashford Borough Council will aim to become carbon neutral by 2030, and 80% by 2025.""",,#NAME?,ASF,E07000105
Babergh District Council,District,England,NOC,NOC,Con + Lib Dem + IND,Conservative,Y,23/07/2019,Link,No,No,None,"Yes ""work with""",2030.0,2030,,#NAME?,BAB,E07000200
Barnsley Metropolitan Borough Council,Metro Boro,England,Lab,Lab,Lab maj,Labour,Y,18/09/2019,Link,No,No,None,No,2040.0,2045,,#NAME?,BNS,E08000016
Barrow-in-Furness Borough Council,District,England,Lab,Lab,Lab maj,Labour,Y,16/07/2019,Link,No,No,None,No,2037.0,2037,,#NAME?,BAR,E07000027
Basildon Borough Council,District,England,,Con,Con maj,,N,,,,No,No,,2050.0,2050,,#NAME?,BAI,E07000066
Basingstoke and Deane Borough Council,District,England,Con,Con,Con maj,Conservative + Labour + Liberal Democrat,Y,18/07/2019,Link,No,No,"Yes ""strategic actions needed to address the environment and climate emergency""",No,2025.0,2030,,#NAME?,BAN,E07000084
Bassetlaw District Council,District,England,,Lab,Lab maj,,N,,,,No,No,,,None,,#NAME?,BAE,E07000171
Bath and North East Somerset Council,Unitary Eng,England,Lib Dem,Lib Dem,Lib dem maj,Liberal Democrat,Y,14/03/2019,Link,No,"Yes - separate July 2020 ""Ecological Emergency""",Yes,No,2030.0,2030,,#NAME?,BAS,E06000022
Bedford Borough Council,District,England,NOC,NOC,Lib Dem Mayor,Liberal Democrat,Y,05/03/2019,Link,No,No,None,"Yes ""Work with local MPs to call on the UK government""",2030.0,None,,#NAME?,BDF,E06000055
Belfast City Council,Unitary NI,Northern Ireland,NOC,NOC,Sinn Fein min,Green,Y,01/10/2019,Link,Yes,No,None,Yes - Central and Devolved,,None,,#NAME?,BFS,N09000003
Birmingham City Council,Metro Boro,England,Lab,Lab,Lab maj,Conservative + Labour + Liberal Democrat + Green,Y,11/06/2019,Link,No,No,None,"Yes ""to work with and seek from the UK government""",2030.0,2030,,#NAME?,BIR,E08000025
Blaby District Council,District,England,,Con,Con maj,,N,,,,No,No,,2030.0,2050,,#NAME?,BLA,E07000129
Blackburn with Darwen Borough Council,Unitary Eng,England,Lab,Lab,Lab maj,Labour,Y,18/07/2019,Link,No,No,"Yes in preamble ""loss of biodiversity including insects and vital food crop pollinators.
""","Yes ""Actively lobby""",2030.0,2030,,#NAME?,BBD,E06000008
Blackpool Borough Council,Unitary Eng,England,Lab,Lab,Lab maj,Labour,Y,26/06/2019,Link,No,No,Yes,Yes,2030.0,2030 (may have been dropped),,#NAME?,BPL,E06000009
Blaenau Gwent County Borough Council,Unitary Wales,Wales,Ind,Ind,Ind maj,Independent,Y,28/09/2020,Link,No,No,None,No,2030.0,2050 (couldn't confirm),,#NAME?,BGW,W06000019
Bolsover District Council,District,England,,NOC,Lab + Ind,,N,,,,No,None,,2050.0,None,,#NAME?,BOS,E07000033
Bolton Metropolitan Borough Council,Metro Boro,England,NOC,NOC,Con min,Labour,Y,29/08/2019,Link,No,No,None,Yes,2030.0,2030,,#NAME?,BOL,E08000001
Boston Borough Council,District,England,NOC,NOC,Con min,Conservative + Labour ,Y,20/01/2020,Link,No,Yes (Climate and Environment),Yes,Yes,2050.0,None,,#NAME?,BOT,E07000136
"Bournemouth, Christchurch and Poole",Unitary Eng,England,NOC,NOC,Lab + Lib Dem + Green + Ind,Green,Y,16/07/2019,Link,No,"Yes ""Climate and Ecological""",Yes,Yes,2030.0,2050,,#NAME?,BPC,E06000058
Bracknell Forest Council,Unitary Eng,England,,Con,Con maj,,N,,,,No,None,,2050.0,None,,#NAME?,BRC,E06000036
Bradford Metropolitan District Council,Metro Boro,England,Lab,Lab,Lab maj,Green,Y,15/01/2019,Link,No,No,None,"Yes ""Requests that the Chief Executive writes to Government requesting: a) additional funding and powers to enable us to deliver the Paris agreement""",2038.0,2038,,#NAME?,BRD,E08000032
Braintree District Council,District,England,Con,Con,Con maj,Conservative,Y,22/07/2019,Link,No,No,None,No,2030.0,None,,#NAME?,BRA,E07000067
Breckland District Council,District,England,Con,Con,Con maj,Labour,Y,19/09/2019,Link,No,No,No (deleted points 2-6 of motion that did reference biodiversity),No (deleted points 2-6),2035.0,"2035 ""The Council is committed to achieving carbon neutrality within the District by 2035.""",,#NAME?,BRE,E07000143
Brentwood Borough Council,District,England,,Con,Con maj,,N,,,,No,No,,2040.0,None,,#NAME?,BRW,E07000068
Bridgend County Borough Council,Unitary Wales,Wales,NOC,NOC,Lab min,,Y,22/07/2022,Link,No,No,No,Yes,2030.0,None,,#NAME?,BGE,W06000013
Brighton and Hove City Council,Unitary Eng,England,NOC,NOC,Lab min,Green,Y,13/12/2018,Link,No,"Yes ""Climate and Biodiversity""",Yes,"Yes ""chancellor of exchequer""",2030.0,2030,,#NAME?,BNH,E06000043
Bristol City Council,Unitary Eng,England,Lab,NOC,Lab min,Green,Y,13/11/2018,Link,No,Yes - separate 4/02/2020 (Ecological),Yes,Yes,2025.0,2030,,#NAME?,BST,E06000023
Broadland District Council,District,England,,Con,Con maj,,N,,Link to motion turned down,,No,No,,,None,,#NAME?,BRO,E07000144
Bromsgrove District Council,District,England,Con,Con,Con maj,Liberal Democrat,Y,24/07/2019,Link,No,No,No,No,,None,,#NAME?,BRM,E07000234
Broxbourne Borough Council,District,England,,Con,Con maj,,N,,,,No,No,,,None,,#NAME?,BRX,E07000095
Broxtowe Borough Council,District,England,NOC,NOC,Lab + Lib Dem + Ind,Labour,Y,17/07/2019,Link,No,No,No,No,2027.0,None,,#NAME?,BRT,E07000172
Buckinghamshire Council,Unitary Eng,England,New Council,Con,Con maj,Con,N (but passed climate change motion),15/07/2020,Link,No,No,No,No,2050.0,2050,,#NAME?,BUC,E06000060
Burnley Borough Council,District,England,Lab,NOC,Lab + Lib Dem,Green,Y,10/07/2019,Link,No,No,No,Yes - call on Lancashire County Council and Westminster,2030.0,2030,,#NAME?,BUN,E07000117
Bury Metropolitan Borough Council,Metro Boro,England,Lab,Lab,Lab maj,Labour,Y,10/07/2019,Link,No,No,No,Yes,2038.0,2038,,#NAME?,BUR,E08000002
Caerphilly County Borough Council,Unitary Wales,Wales,Lab,Lab,Lab maj,Labour,Y,04/06/2019,Link,No,No,No,"Yes - Welsh and UK governments and

""ask that Welsh and UK Government call on World Leaders to acknowledge the overwhelming scientific evidence that Climate Change has been created by human 
activity"" 
",2030.0,2050,,#NAME?,CAY,W06000018
Calderdale Metropolitan Borough Council,Metro Boro,England,NOC,NOC,Lab maj,Labour,Y,30/01/2019,Link,No,No,No,Yes,2038.0,2038,,#NAME?,CLD,E08000033
Cambridge City Council,District,England,Lab,Lab,Lab maj,Labour,Y,21/02/2019,Link,No,Biodiversity Emergency (separate - May 2019),Declared,Yes,2050.0,2050,,#NAME?,CAB,E07000008
Cambridgeshire and Peterborough Combined Authority,Combined Authority,England,,Con,Con maj,,N,,,,No,No,,2050.0,2050,,#NAME?,CPCA,E47000008
Cambridgeshire County Council,County,England,Con,NOC (Lib Dem + Labour + Ind),(Lib Dem + Labour + Ind),Conservative,Y,14/05/2019,Link,Yes,"Yes ""Climate and Environment""","Yes ""protecting biodiversity""

""Partnership; managing and protecting our County wildlife sites and their biodiversity""",No,2030.0,2050,,#NAME?,CAM,E10000003
Cannock Chase District Council,District,England,NOC (Lab min),Con,Con maj,Labour,Y,17/07/2019,Link,No,No,No,Yes,2030.0,2030 (confirmed),,#NAME?,CAN,E07000192
Canterbury City Council,District,England,Con,Con,Con maj,Conservative + Labour,Y,18/07/2019,Link,No,No,No,Yes,,None,,#NAME?,CAT,E07000106
Carlisle City Council,District,England,NOC,NOC,Lab min,Labour,Y,05/03/2019,Link,No,No,"Yes - ""Council Scrutiny Panels consider the impact of climate change and the environment when reviewing Council policies and strategies""","Yes ""and local MPS""",2030.0,2030 (cannot be verified - only said earliest date possible),,#NAME?,CAR,E07000028
Carmarthenshire County Council,Unitary Wales,Wales,Noc,Noc,Plaid Cymru min,Plaid Cymru,Y,20/02/2019,Link,No,No,No,Yes - Welsh and UK governments,2030.0,2050,,#NAME?,CMN,W06000010
Castle Point Borough Council,District,England,Con,Con,Con maj,,N - turned it down on Sept 2020,,,,No,No,,,None,,#NAME?,CAS,E07000069
Causeway Coast and Glens Borough Council,Unitary NI,Northern Ireland,NOC,NOC,DUP Min,Sinn Fein,Y,02/05/2020,Link,No,No,No,No,,None,,#NAME?,CCG,N09000004
Central Bedfordshire Council,Unitary Eng,England,NOC,NOC,Lib Dem min,Liberal Democrat,Y,19/07/2019,Link,Yes,No,No,No,2030.0,None,,https://www.centralbedfordshire.gov.uk/news/article/130/were_going_to_develop_a_climate_change_plan,CBF,E06000056
Ceredigion County Council,Unitary Wales,Wales,NOC,NOC,Plaid Cymru + Ind,Plaid Cymru,Y,05/03/2020,Link,No,No,No,Yes - Welsh and UK governments,2030.0,None (as part of Mid Wales 2050 maybe but no confirmation) ,,#NAME?,CGN,W06000008
Charnwood Borough Council,District,England,Con,Con,Con maj,Conservative,N - but motion committing to 2030 net zero for Council,24/07/2019,Link,No,No,No,No,2030.0,None,,#NAME?,CHA,E07000130
Chelmsford City Council,District,England,Lib Dem,Lib Dem,Lib dem maj,Liberal Democrat,Y,16/07/2019,Link,No,"Yes ""Climate and Ecological""","Declared. Also ""Establish a baseline for Chelmsford’s ecological status and monitor progress year on year"" ",Yes,2030.0,None (did say within same timescale [2030] but dropped),,#NAME?,CHL,E07000070
Cheltenham Borough Council,District,England,Lib dem,Lib dem,Lib dem maj,Liberal Democrat,Y,18/02/2019,Link,No,No,No,Yes,2030.0,2030,,#NAME?,CHT,E07000078
Cherwell District Council,District,England,Con,Con,Con maj,Labour,Y,22/07/2019,Link,No,No,No,Yes,2030.0,"2030 ""do our part to achieve a net zero district""",,#NAME?,CHR,E07000177
Cheshire East Council,Unitary Eng,England,NOC,NOC,LAB + IND,Labour,Y,22/05/2019,Link,No,No,No,No,2025.0,None,,#NAME?,CHE,E06000049
Cheshire West and Chester Council,Unitary Eng,England,Lab,Lab,Lab maj,Labour,Y,21/05/2019,Link,No,No,No,Yes,2030.0,2045,,#NAME?,CHW,E06000050
Chesterfield Borough Council,District,England,Lab,Lab,Lab maj,Labour,Y,17/07/2019,Link,No,No,No (but useful info),Yes,2030.0,2050,,#NAME?,CHS,E07000034
Chichester District Council,District,England,NOC,NOC,Con min,Conservative,Y,09/07/2019,Link,No,No,No,No,,"None (As with the Council target, the area-wide target is a 10% reduction year on year until 2025)",,#NAME?,CHI,E07000225
Chorley Borough Council,District,England,Lab,Lab,Lab maj,Labour,Y,19/11/2019,Link,No,No,No,"Yes ""write to... SoS for Business, Energy & Industrial Strategy; Transport; Environment, Food and Rural Affairs; and Housing, Communities and Local Government""",2030.0,2030,,#NAME?,CHO,E07000118
Swansea City Council,Unitary Wales,Wales,Lab,Lab,Lab maj,Labour,Y,27/06/2019,Link,No,No,No,Yes - Welsh and UK governments,2030.0,2050,,#NAME?,SWA,W06000011
City of Cardiff Council,Unitary Wales,Wales,Lab,Lab,Lab maj,Labour,Y,28/03/2019,Link,No,"No - But later it was recommended to declare a ""biodiversity emergency"". The recommendation was partially accepted by Council. Link here","No - But later it was recommended to declare a ""biodiversity emergency"". The recommendation was partially accepted by Council. Link here","Yes ""make representations to Welsh and UK""",2030.0,2030,,#NAME?,CRF,W06000015
City of Glasgow,Unitary Scot,Scotland,NOC,NOC,SNP min,SNP,Y,16/05/2019,Link,Yes,"Yes, ""Climate and Ecological""",Yes,No,2030.0,2030 for carbon neutrality. 2045 for net-zero emissions (pg. 6.),,#NAME?,GLG,S12000049
City of London,Municipal Corporation,London,,Ind,Ind,,N,,,,No,No,,2027.0,2040,,#NAME?,LND,E09000001
City of York Council,Unitary Eng,England,NOC,NOC,Lib dem + Green,Green,Y,11/03/2019,Link,No,No,"Yes ""loss of biodiversity including insects and... pollinators""","Yes ""Actively lobby""",2030.0,2030 (both production and consumption emissions),,#NAME?,YOR,E06000014
Clackmannanshire Council,Unitary Scot,Scotland,,NOC,SNP min,,Y,19/08/2021,Link,No,No,No,Yes - Scottish,,None,,https://www.clacks.gov.uk/document/meeting/1/1088/7099.pdf,CLK,S12000005
Colchester Borough Council,District,England,NOC (Lab + Lib Dem + Ind),NOC,Con + Ind,Liberal Democrat,Y,17/07/2019,Link,No,No,"Yes ""Commission an environmental audit which identifies pollution hotspots, wildlife biodiversity... aim to identify areas of improvement across the borough. ","Yes ""write to Minister of State for Energy & Clean Growth""",2030.0,None,,#NAME?,COL,E07000071
Comhairle nan Eilean Siar,Unitary Scot,Scotland,,Ind,Ind,,N,,,,No,No,,,None,,#NAME?,ELS,S12000013
Conwy County Borough Council,Unitary Wales,Wales,NOC,NOC,CON + Ind,Plaid Cymru,Y,09/05/2019,Link,No,No,No,Yes - Welsh only,2030.0,2050 (? can't find confirmation),,#NAME?,CWY,W06000003
Copeland Borough Council,District,England,Lab,Lab,Ind Mayor,,N - but released a position statement,01/12/2019,Link to statement (Appendix A),Yes,No,"Yes - ""man made ecological crisis""; ""set commitment to improve biodiversity""","No ""work with""",,None ,,#NAME?,COP,E07000029
Cornwall Council (Unitary),Unitary Eng,England,NOC (Lib Dem + Ind),Con,Con maj,Liberal Democrat,Y,22/01/2019,Link,No,No,No,Yes,2030.0,2030,,#NAME?,CON,E06000052
Cotswold District Council,District,England,Lib dem,Lib dem,Lib dem maj,Liberal Democrat + Green,Y,03/07/2019,Link,Yes,Yes - separate (June 2020),Declared separate,Yes,2045.0,None (going to come up with one),,#NAME?,COT,E07000079
Coventry City Council,Metro Boro,England,Lab,Lab,Lab maj,Labour,Y,18/06/2019,Link,No,No,No,No,,"None (current strategy ends in 2020. ""As part of the new strategy we will look to set a date for Coventry to become net carbon zero.""",,#NAME?,COV,E08000026
Craven District Council,District,England,NOC,NOC,Con min,Green,Y,06/08/2019,Link,No,No,No,Yes,2030.0,2030,,#NAME?,CRA,E07000163
Crawley Borough Council,District,England,Lab,NOC,Con min,Labour,Y,17/07/2019,Link,No,No,No,Yes,2050.0,None,,#NAME?,CRW,E07000226
Cumbria County Council,County,England,,NOC,Lab + Lib Dem,,N,,,,No,No,,2037.0,2037? ,,#NAME?,CMA,E10000006
Dacorum Borough Council,District,England,Con,Con,Con maj,Liberal Democrat,Y,17/07/2019,Link,No,"No but later referred to it as ""Climate and Ecological""",No but later have referred to it as,"No but ""urge the two Dacorum MPs to impress upon Central Government... [funding and powers]""",,None,,#NAME?,DAC,E07000096
Darlington Borough Council,Unitary Eng,England,NOC,NOC,Lab min,Labour,Y,18/07/2019,Link,No,No,"No but ""call for national curriculum to be reformed to include ""the ecological crisis as an educational priority""",Yes,2050.0,None,,#NAME?,DAL,E06000005
Dartford Borough Council,District,England,Con,Con,Con maj,Conservative,Y,07/10/2019,Link,No,No,No,No,2030.0,"2030 (""effects of climate change tackled earlier than either the 2050 national target or the 2030 date proposed by some."" - not sure if I count this as a net-zero pledge). No plan to confirm targets",,#NAME?,DAR,E07000107
Denbighshire County Council,Unitary Wales,Wales,NOC,NOC,CON + Plaid Cymru + IND,Plaid Cymru + Independent + Labour,Y,02/07/2019,Link,No,"Yes ""Climate and Ecological Emergency""","Yes ""including ways to enhance biodiversity in Denbighshire""",Yes - Welsh and UK governments,,None,,#NAME?,DEN,W06000004
Derby City Council,Unitary Eng,England,NOC (Con min),NOC,Con min,Liberal Democrat,Y,23/05/2019,Link,No,No,"Yes preamble ""extinctions of plant, insect and animal species""",No,,2050 (? cannot find confirmation of date),,#NAME?,DER,E06000015
Derbyshire County Council,County,England,Con,Con,Con maj,,N - but made pledges,05/2019,Link to pledges,No,No,No,Yes,2032.0,2050 (allocated carbon budgets for Derbyshire and to net zero by 2050.),,#NAME?,DBY,E10000007
Derbyshire Dales District Council,District,England,Con,Con,Con maj,Labour,Y,30/05/2019,Link,No,No,"Yes ""Natural habitats, wildlife and biodiversity are in peril, not only from climate change, but they are being adversely affected by human intervention""",Yes,2030.0,None,,#NAME?,DEB,E07000035
Derry City and Strabane District Council,Unitary NI,Northern Ireland,NOC,NOC,Sinn Fein min,SDLP,Y,27/06/2019,Link,Yes,No,No,No,2045.0,2045,,#NAME?,DRS,N09000005
Devon County Council,County,England,CON,CON,Con maj,Green,Y,21/02/2019,Link,No,"No (turned ""Ecological Emergency"" down as included in terms of reference of CE group)",No - later added to terms of reference of CE group,Yes,2030.0,2050,,#NAME?,DEV,E10000008
Doncaster Metropolitan Borough Council,Metro Boro,England,Lab,Lab,Lab maj,Labour,Y,19/09/2019,Link,No,"Yes - ""Climate and Biodiversity""","Declared & ""Resolves to put sustainability, biodiversity and carbon reduction at the heart of
this Council’s agenda""",Yes,2040.0,2040,,#NAME?,DNC,E08000017
Dorset Council,Unitary Eng,England,Con,Con,Con maj,Conservative,Y,16/05/2019,Link,No,"Yes updated original CE to include ""Climate and Ecological"" Nov 2019",Declared later - Nov 2019,No,2040.0,2050,,#NAME?,DST,E06000059
Dover District Council,District,England,Con,Con,Con maj,Conservative,Y,04/11/2019,Link (declaration comes from recommendations of staff report),Yes,No,"Yes - Staff report on CE ""in report highlights biodiversity and actions""",No,2030.0,2050,,#NAME?,DOV,E07000108
Dudley Metropolitan Borough Council,Metro Boro,England,NOC,Con,Con maj,Conservative,Y,06/07/2020,Link (declaration comes from recommendations of staff report),No,No,No,No,2041.0,2041,,#NAME?,DUD,E08000027
Dumfries and Galloway Council,Unitary Scot,Scotland,NOC,NOC,SNP + Lab,Labour,Y,27/06/2019,Link,Yes,No,"Yes ""recognise the importance of our biodiversity and natural environment.""

""will incorporate actions on loss of biodiversity and our natural environment;""",No,2025.0,2025,,#NAME?,DGY,S12000006
Dundee City Council,Unitary Scot,Scotland,NOC,NOC,SNP + IND,SNP,Y,24/06/2019,Link,No,No,"Yes ""recognised the serious and accelerating environmental faced by climate change and declared a climate emergency""","Yes ""Chief Executive to write to both the UK Government and Scottish Government to seek financial support""",2045.0,2045,,#NAME?,DND,S12000042
Durham County Council,Unitary Eng,England,Lab,NOC,Lib Dem + Con + Ind,Labour,Y,20/02/2019,Link,No,No,"Yes ""Council notes: ""Entire society... looming challenge of ecological breakdown""",Yes,2050.0,2050,,#NAME?,DUR,E06000047
East Ayrshire,Unitary Scot,Scotland,,NOC,SNP min,,N,,,,No,No,,,None,,#NAME?,EAY,S12000008
East Cambridgeshire District Council,District,England,Con,Con,Con maj,Liberal Democrat,Y,17/10/2019,Link,No,No,"Yes ""Plan... to protect and enhance biodiversity""",No,2050.0,"2050 ""achieve net-zero carbon emissions by 2050 (or earlier) across both East Cambridgeshire’s and the Council’s operations""",,#NAME?,ECA,E07000009
East Devon District Council,District,England,Ind,Ind,Ind maj,Independent,Y,24/07/2019,Link,No,No,No,No,2040.0,2050,,#NAME?,EDE,E07000040
East Dunbartonshire,Unitary Scot,Scotland,,NOC,Lib Dem + Con,,N,,,,No,No,,,None (but is going to set a date),,#NAME?,EDU,S12000045
East Hampshire District Council,District,England,Con,Con,Con maj,Conservative,Y,18/07/2019,Link,No,No,No,No,2050.0,2050,,#NAME?,EHA,E07000085
East Hertfordshire,District,England,,Con,Con maj,,N,25/07/2019,Link (Climate change motion),No,No,"Yes ""Set up an Environmental and Climate Forum""

""very best measures into the Local Plan to minimise any negative impact on the environment""",Yes,2030.0,2030,,#NAME?,EHE,E07000242
East Lindsey District Council,District,England,,Con,Con maj,,N,,,,No,No,,2040.0,None,,#NAME?,ELI,E07000137
East Lothian Council,Unitary Scot,Scotland,NOC,NOC,Lab min,Labour,Y,27/08/2019,Link,No,No,No but Ecological emergency recognised as part of plan,"Yes ""lobby, support and work with all relevant agencies""",2045.0,2045 (Not sure they mention county target but is this a Scotland target?),,#NAME?,ELN,S12000010
East Renfrewshire Council,Unitary Scot,Scotland,NOC ,NOC ,SNP + Lab,Labour,Y,13/08/2020,Link,Yes,No,"Yes ""Carbon off-setting measures- for example using nature to take carbon..."" ",No,2040.0,2040,,#NAME?,ERW,S12000011
East Riding of Yorkshire Council,Unitary Eng,England,Con,Con,Con maj,Conservative,Y,24/02/2021,Link,Yes,No,Yes,Yes,2050.0,2050,,#NAME?,ERY,E06000011
East Staffordshire District Council,District,England,Con,Con,Con maj,Conservative + Labour ,Y,17/08/2020,Link,Yes,No,No,Yes,2040.0,"2040 ""Aspire to""",,#NAME?,EST,E07000193
East Suffolk Council,District,England,Con,Con,Con maj,Green,Y,24/07/2019,Link,No,No,No,"Yes ""work with""

Detail letters and resposes from DFT here",2030.0,None,,#NAME?,ESK,E07000244
East Sussex County Council,County,England,Con,Con,con maj,Independent,Y,15/10/2019,Link,No,No,No,"Yes ""writing to... request funding""",2050.0,None,,#NAME?,ESX,E10000011
Eastbourne Borough Council,District,England,Lib dem,Lib dem,Lib dem maj,Liberal Democrat,Y,10/07/2019,Link,No,No,No but referenced later,No,2030.0,2030,,#NAME?,EAS,E07000061
Eastleigh Borough Council,District,England,Lib dem,Lib dem,Lib dem maj,Liberal Democrat + Independent,Y,18/07/2019,Link,Yes,"Yes ""Climate and Environmental""",Declared,No,2025.0,2030,,#NAME?,EAT,E07000086
Eden District Council,District,England,NOC,NOC,Lib dem + Lab + Ind,Liberal Democrat,Y,11/07/2019,Link,No,"Yes ""Climate and Ecological""",Declared,Yes,2030.0,2030 (this page throws the borough target in the motion into doubt),,#NAME?,EDN,E07000030
City of Edinburgh Council,Unitary Scot,Scotland,NOC,NOC,SNP + LAB,Green,Y,07/02/2019,Link,No,No,No,No,2030.0,2030,,#NAME?,EDH,S12000036
Elmbridge Borough Council,District,England,NOC (Lib Dem + Ind),NOC,Lib Dem + Ind,Liberal Democrat,Y,17/07/2019,Link,No,No,"Yes ""Council notes: ...and loss of biodiversity, including insects and vital food crop pollinators.""",No,2030.0,None,,#NAME?,ELM,E07000207
Epping Forest District Council,District,England,Con,Con,Con maj,Green + Conservative,Y,19/09/2019,Link,No,No,No,Yes,2030.0,2030,,#NAME?,EPP,E07000072
Epsom and Ewell Borough Council,District,England,Ind,Ind,Ind maj,Independent,Y,23/07/2019,Link,No,No,No,No,2035.0,None,,#NAME?,EPS,E07000208
Erewash Borough Council,District,England,,Con,Con maj,Conservative,N,10/10/2019,Link (not CE declaration but set targets and actions),No,No,"Yes ""Seek to increase the number and size of land designated as nature reserves and improve and create habitats to support insect life including bees""",Yes,2050.0,2050,,#NAME?,ERE,E07000036
Essex County Council,County,England,,Con,Con maj,,N,,,,No,No,No,2030.0,None,,#NAME?,ESS,E10000012
Exeter City Council,District,England,Lab,Lab,Lab maj,Labour,Y,23/07/2019,Link,No,No,"Yes ""Exeter City Council recognises the connected biodiversity crisis""",No,2022.0,2030,,#NAME?,EXE,E07000041
Falkirk Council,Unitary Scot,Scotland,NOC,NOC,SNP min,Labour,Y,26/08/2019,Link,Yes,No,"Yes ""noted the focus on increasing Biodiversity""",No,2030.0,2045 (2030 is only for a singular town - Grangemouth,,#NAME?,FAL,S12000014
Fareham Borough Council,District,England,Con,Con,Con maj,Liberal Democrat,Y,24/10/2019,Link,No,No,No,Yes,2030.0,None,,#NAME?,FAR,E07000087
Fenland District Council,District,England,,Con,Con maj,,N,,,,No,No,,,None,,#NAME?,FEN,E07000010
Fermanagh and Omagh District Council,Unitary NI,Northern Ireland,NOC,NOC,Sinn Fein min,Social Democratic + Labour Party,Y,02/07/2019,Link,No,No,No,No,,None,,#NAME?,FMO,N09000006
Fife Council,Unitary Scot,Scotland,NOC,NOC,SNP + LAB,Liberal Democrat,Y,26/09/2019,Link (broken - minutes being transferred to new system),Yes,No,No,? - minutes not online as transferring to new system,2045.0,2045,,#NAME?,FIF,S12000047
Folkestone and Hythe District Council,District,England,NOC,NOC,CON + ind,Green,Y,24/07/2019,Link,No,No (but later referred to it as Climate and Ecological emergency),No - but later referred to as declared,Yes,2030.0,None,,#NAME?,SHE,E07000112
Forest of Dean District Council,District,England,NOC,NOC,Con min,Green,Y,06/12/2018,Link,No,No,No,Yes,2030.0,2030,,#NAME?,FOE,E07000080
Fylde Borough Council,District,England,,Con,Con maj,,N,,,,No,No,,,None,,#NAME?,FYL,E07000119
Gateshead Metropolitan Borough Council,Metro Boro,England,Lab,Lab,Lab maj,Labour,Y,23/05/2019,Link,No,No,No,Yes,2030.0,None,,#NAME?,GAT,E08000037
Gedling Borough Council,District,England,Lab,Lab,Lab maj,Labour,Y,20/11/2019,Link,No,No,"Yes - preamble ""species loss and extinction""",Yes,2030.0,2030,,#NAME?,GED,E07000173
Gloucester City Council,District,England,Con,Con,Con maj,Labour + Liberal Democrat,Y,11/07/2019,Link,No,No,No,Yes,2030.0,2050,,#NAME?,GLO,E07000081
Gloucestershire County Council,County,England,Con,Con,Con maj,Conservative,Y,15/05/2019,Link,No,No,No,Yes,2030.0,"2050 (and deliver a carbon neutral county by 2050)
",,#NAME?,GLS,E10000013
Gosport Borough Council,District,England,,Con,Con maj,,N,,,,No,No,,2050.0,None,,#NAME?,GOS,E07000088
Gravesham Borough Council,District,England,Lab,Lab,Lab maj,Labour,Y,26/06/2019,Link,No,No,No,Yes,2030.0,2030 (prepare for the borough to be carbon neutral),,#NAME?,GRA,E07000109
Great Yarmouth Borough Council,District,England,,Con,Con maj,,N,,,,No,No,,,None,,#NAME?,GRY,E07000145
Greater Manchester Combined Authority,Combined Authority,England,Lab,Lab,Lab maj,Lab,Y,26/07/2019,Link,Yes,No,No,"Yes ""GM Mayor write to""",2038.0,2038,,#NAME?,GMCA,E47000001
Guildford Borough Council,District,England,NOC,NOC,Lib Dem min,Liberal Democrat,Y,23/07/2019,Link,No,No,No,Yes,2030.0,2030,,#NAME?,GRT,E07000209
Gwynedd Council,Unitary Wales,Wales,Plaid Cymru,Plaid Cymru,Plaid Cymru maj,Plaid Cymru,Y,07/03/2019,Link,No,No,"Yes ""Gwynedd's landscape presents many opportunities for... biodiversity regeneration"" ",Yes - Welsh and UK governments,2030.0,None,,#NAME?,GWN,W06000002
Halton Borough Council,Unitary Eng,England,Lab,Lab,Lab maj,Labour,Y,16/10/2019,Link,No,No,No,Yes,,None,,#NAME?,HAL,E06000006
Hambleton District Council,District,England,Con,Con,Con maj,Conservative,Y,14/12/2021,Link,No,No,No,No,2034.0,2034,,https://democracy.hambleton.gov.uk/ieListDocuments.aspx?CId=151&MId=1985,HAE,E07000164
Hampshire County Council,County,England,Con,Con,Con maj,Conservative,Y,17/06/2019,Link,No,No,No,No,2050.0,2050,,#NAME?,HAM,E10000014
Harborough District Council,District,England,Con,Con,Con maj,Conservative,Y,24/06/2019,Link,No,No,No,Yes - later,2030.0,None,,#NAME?,HAO,E07000131
Harlow District Council,District,England,Lab,Con,Con maj,Labour,Y,11/07/2019,Link,No,No,"Yes ""Create a program of new tree and hedgerow planting""",No,,None,,#NAME?,HAR,E07000073
Harrogate Borough Council,District,England,Con,Con,Con maj,Conservative,Y*,10/04/2019,Link,No,No,No,"Yes - but very specific ""Lobbying government to bring in a new ‘green council support grant’""",2038.0,"None (? ""2038 net zero carbon economy"")","*""The council supports measures to address the climate emergency""",#NAME?,HAG,E07000165
Hart District Council,District,England,NOC (Ind + Lib Dem),NOC,Ind + Lib Dem,Ind,Y*,01/09/2019,Link,Yes - Reference to 'Adaptation Action Plan' 2/2020,No,No ,No,2040.0,None,"*""This Plan is the Councils response to the declaration of a national Climate Change emergency in May 2019""",#NAME?,HAT,E07000089
Hartlepool Borough Council,Unitary Eng,England,,NOC,Con + Ind,,N,,,,No,No,,,None,,#NAME?,HPL,E06000001
Hastings Borough Council,District,England,Lab,Lab,Lab maj,Labour,Y,13/02/2019,Link,Yes,No,"Yes ""Ensure council land is maintained in a way that maximises species diversity and mitigates species extinction;""","Yes - but very specific ""press for a properly co-ordinated national EV charging network""",2030.0,2030,,#NAME?,HAS,E07000062
Havant Borough Council,District,England,,Con,Con maj,,N,,,,No,No,,,None,,#NAME?,HAA,E07000090
Herefordshire Council,Unitary Eng,England,NOC,NOC,Ind min,Independent,Y,08/03/2019,Link,No,"No, but have referenced it as ""Climate and Ecological"" after",No,No,2030.0,None (not a clear target but this page mentions working towards 2030 as a county),,#NAME?,HEF,E06000019
Hertfordshire County Council,County,England,Con,Con,Con maj,Conservative,Y,16/07/2019,Link,No,No,No,No,2030.0,2050,,#NAME?,HRT,E10000015
Hertsmere Borough Council,District,England,Con,Con,Con maj,Conservative,Y,18/09/2019,Link,Yes,No,No,No,2050.0,None,,#NAME?,HER,E07000098
High Peak Borough Council,District,England,Lab,Lab,Lab maj,Green + Labour,Y,15/10/2019,Link,No,No,"Yes - ""Work to mitigate the biodiversity crisis in its actions across the Borough""",Yes,2038.0,2038? - really unsure if this applies to just council emissions or the whole area. I would assume only council,,#NAME?,HIG,E07000037
Hinckley and Bosworth Borough Council,District,England,Lib dem,Lib dem,Lib dem maj,Liberal Democrat,Y,16/07/2019,Link,No,No,No,Yes,2030.0,"None (2030 - ""promoting community, public, business and other council partnerships to achieve this carbon neutral 2030"")",,#NAME?,HIN,E07000132
Horsham District Council,District,England,Con,Con,Con maj,Liberal Democrat + Green,Y,26/06/2019,Link,No,No,"Yes - ""and biodiversity loss and we support action to tackle these matters.""",No,2050.0,None,,#NAME?,HOR,E07000227
Hull City Council,Unitary Eng,England,Lab,Lab,Lab maj,Labour,Y,21/03/2019,Link,Yes,No,Not in CE declaration but referenced after,Yes,2030.0,2030,,#NAME?,KHL,E06000010
Huntingdonshire District Council,District,England,,Con,Con maj,,N,,,,No,No,,,None,,#NAME?,HUN,E07000011
Hyndburn Borough Council,District,England,Lab,Lab,Lab maj,Labour,Y,19/09/2019,Link,No,No,No,Yes,2030.0,"2030 ""entire area zero carbon within the same timescale.""",,#NAME?,HYN,E07000120
Ipswich Borough Council,District,England,Lab,Lab,Lab maj,Labour,Y,09/07/2019,Link,No,No,No,Yes,2030.0,None,,#NAME?,IPS,E07000202
Isle of Anglesey County Council,Unitary Wales,Wales,NOC,NOC,Plaid Cymru + Ind,Labour,Y,08/09/2020,Link,No,No,No,No,2030.0,None,,#NAME?,AGY,W06000001
Isle of Wight,Unitary Eng,England,Con,NOC,Ind min,Independent + Green,Y,24/07/2019,Link,No,No,No,Yes,2030.0,2030,,#NAME?,IOW,E06000046
Isles of Scilly Council,Unitary Eng,England,Lab,Lab,Lab maj,Independent,Y,11/04/2019,Link,No,No,"Yes ""Climate change provides significant risk to the community and biodioversity of the Isles of Scilly""",Yes,2030.0,None,,#NAME?,IOS,E06000053
Kent County Council,County,England,Con,Con,Con maj,Green,Y,23/05/2019,Link,Yes,"Yes ""Environment and Climate""",Declared,"No ""continue to work with central government""",2030.0,2050,,#NAME?,KEN,E10000016
Kettering Borough Council (defunct council),District,England,Con,Con,Con maj,Independent,Y,24/07/2019,Link,No,No,No,No,2030.0,2030,,#NAME?,,
"King's Lynn and West Norfolk Borough
Council",District,England,Con,Con,Con maj,Green,Y,04/02/2020,Link (fully recognised climate crisis),No,No,No,No,,None,,#NAME?,KIN,E07000146
Kirklees Council,Metro Boro,England,Lab,NOC,Lab min,Labour,Y,16/01/2019,Link,No,No,"Yes ""extinctions of plant, insect and animal species""","Yes ""write to Minister of State for Climate Change""",2038.0,2038,,#NAME?,KIR,E08000034
Knowsley Metropolitan Borough Council,Metro Boro,England,Lab,Lab,Lab maj,Labour,Y,29/01/2020,Link,No,No,No,Yes ,2040.0,None,,#NAME?,KWL,E08000011
Lancashire County Council,County,England,Con,Con,Con maj,Labour,Y,28/02/2019,Link,Yes,No,No,Yes,2030.0,None,,#NAME?,LAN,E10000017
Lancaster City Council,District,England,NOC (LAB + Green + Lib dem),NOC,Green + Eco Socialists + Lib Dem + Labour,Labour,Y,30/01/2019,Link,Yes,No,No,Yes,2030.0,"2030 ""District Zero Carbon within the same timescale;""",,#NAME?,LAC,E07000121
Leeds City Council,Metro Boro,England,Lab,Lab,Lab maj,Labour,Y,27/03/2019,Link,No,No,No,Yes,2030.0,2030,,#NAME?,LDS,E08000035
Leicester City Council,Unitary Eng,England,LAB,LAB,Lab maj,Labour,Y,01/02/2019,Link,No,No,No,No,2030.0,"2030 ""Agreement goal, our ambition is for Leicester to become ‘carbon neutral’ by 2030 or sooner. This means reducing the city’s and the council’s CO2 emissions to nearly zero
",,#NAME?,LCE,E06000016
Leicestershire County Council,County,England,Con,Con,Con maj,Labour,Y,15/05/2019,Link,No,No,No,Yes,2030.0,None,,#NAME?,LEC,E10000018
Lewes District Council,District,England,NOC,NOC,Green + Lib Dem + Lab + Ind,Green,Y,15/07/2019,Link,Yes,No,No,Yes,2030.0,2030,,#NAME?,LEE,E07000063
Lichfield District Council,District,England,Con,Con,Con maj,Labour,Y,10/12/2019,Link,No,No,No,No,,"None - Unsure as in CE declaration it states: ""Support the Government’s target of Net Zero Carbon Emission by 2050""",,#NAME?,LIF,E07000194
City of Lincoln Council,District,England,Lab,Lab,Lab maj,Labour,Y,23/07/2019,Link,No,"Yes - ""Climate and Environment""",Declared,Yes,2030.0,2030,,#NAME?,LIC,E07000138
Lincolnshire County Council,County,England,,Con,Con maj,,N,,,,No,No,,2050.0,None,,#NAME?,LIN,E10000019
Liverpool City Council,Metro Boro,England,Lab,Lab,Lab maj,Labour,Y,17/07/2019,Link,Yes,No,"""City leaders can and need to make changes to... biodiversity policy""","Yes ""seek an urgent meeting with the Secretary of State for the Environment... to present Liverpool’s concerns and ideas raised by the dedicated Climate Change Council""",2030.0,2030,,#NAME?,LIV,E08000012
Liverpool City Region Combined Authority,Combined authority,England,Lab,Lab,Lab maj,Lab,Y,28/04/2019,"Link (not possible to find minutes of the motion, just Mayors discussing it etc.)",No,No,No,No,2040.0,2040,,#NAME?,LCR,E47000004
London Borough of Barking and Dagenham,London Boro,England,Lab,Lab,Lab maj,Labour,Y,30/01/2020,Link,Yes,No,"Yes ""environmental implications""",Yes,2030.0,2030,,#NAME?,BDG,E09000002
London Borough of Barnet,London Boro,England,Lab,Lab,Lab maj,Labour,Y,24/05/2022,Link,No,No,No,No,,None,,https://www.barnet.gov.uk/news/new-leader-barnet-council-appointed-declares-immediate-climate-emergency,BNE,E09000003
London Borough of Bexley,London Boro,England,,Con,Con maj,,N,,,,No,No,No,,None,,#NAME?,BEX,E09000004
London Borough of Brent,London Boro,England,Lab,Lab,Lab maj,Labour,Y,08/07/2019,Link,No,"Yes ""Climate and Ecological""",Declared,Yes,2030.0,None,,#NAME?,BEN,E09000005
London Borough of Camden,London Boro,England,Lab,Lab,Lab maj,Labour,Y,08/04/2019,Link (full declaration on slide 3),No,"Yes ""Climate and Ecological""","Declared - and also commits to ""produce a new ecological plan""",Yes,2030.0,2030,,#NAME?,CMD,E09000007
London Borough of Croydon,London Boro,England,Lab,Lab,Lab maj,Labour,Y,15/07/2019,Link (report recommendations here),No,"Yes ""Climate and Ecological""",Declared,Yes,2030.0,2030,,#NAME?,CRY,E09000008
London Borough of Ealing,London Boro,England,Lab,Lab,Lab maj,Liberal Democrat,Y,02/04/2019,Link,No,No (but later said it was included),Later did so,Yes,2030.0,2030,,#NAME?,EAL,E09000009
London Borough of Enfield,London Boro,England,Lab,Lab,Lab maj,Labour,Y,08/07/2019,Link,Yes,No,"Yes in preamble ""danger to people and biodiversity from climate change.""",No,2030.0,2040,,#NAME?,ENF,E09000010
London Borough of Hackney,London Boro,England,Lab,Lab,Lab maj,Labour,Y,28/06/2019,Link,No,No,No,"Yes and ""Actively campaign to change national policy where failure to tackle the challenge of heating our homes without fossil fuels, fossil fuel subsidies, insufficient carbon taxation, road-building, and airports expansion, for example, has actively undermined decarbonisation and promoted unsustainable growth.""",2040.0,None,,#NAME?,HCK,E09000012
London Borough of Hammersmith and Fulham,London Boro,England,Lab,Lab,Lab maj,Labour,Y,17/07/2019,Link,No,Yes (Climate and Biodiversity),Yes,"Yes ""chancellor of exchequer""",2030.0,2030,,#NAME?,HMF,E09000013
London Borough of Haringey,London Boro,England,LAB,LAB,Lab maj,Labour,Y,18/03/2019,Link,No,No,"No

but later added to plan objectives",Yes,2030.0,2041,,#NAME?,HRY,E09000014
London Borough of Harrow,London Boro,England,Lab,Lab,Lab maj,Labour,Y,18/07/2019,Link,No,No,"Later noted 19/03/20 to add on to CE 

""(3)          the wider ecological implications of the human-induced changes that were occurring to our climate be noted;""",Yes,2030.0,2030,,#NAME?,HRW,E09000015
London Borough of Havering,London Boro,England,,NOC,CON+IND,Ind,N,,,,No,No,No,,None,,#NAME?,HAV,E09000016
London Borough of Hillingdon,London Boro,England,Con,Con,Con maj,Con,Y,16/01/2020,Link,No,No,No,No,2030.0,None,,#NAME?,HIL,E09000017
London Borough of Hounslow,London Boro,England,Lab,Lab,Lab maj,Labour,Y,,Link,Yes,No,No,"Yes ""c) Start a year of Environmental Action, including lobbying for the appropriate powers and funding for local and regional governments to achieve ambitious net-zero targets such as 2030.”",2030.0,None,,#NAME?,HNS,E09000018
London Borough of Islington,London Boro,England,Lab,Lab,Lab maj,Labour,Y,27/06/2019,Link,No,"Yes ""environment and climate emergency""",Declared,"Yes ""make representations""",2030.0,2030,,#NAME?,ISL,E09000019
London Borough of Lambeth,London Boro,England,Lab,Lab,Lab maj,Green,Y,23/01/2019,Link,Yes,"No - but they say they did in this motion ""first London borough to declare a climate and ecological emergency "" and have ""recognised climate, ecological and social emergencies are inextricably linked"" in same motion.",No,Yes,2030.0,"None (2030 - Pledge to work to make the Borough of Lambeth carbon neutral by 2030"") but this is not mentioned anywhere else",,#NAME?,LBH,E09000022
London Borough of Lewisham,London Boro,England,LAB,LAB,Lab maj,Labour,Y,27/02/2019,Link,Yes,No,"Yes ""recognise... changing climate will have severe and enduring... environmental implications""",Yes,2030.0,2030,,#NAME?,LEW,E09000023
London Borough of Merton,London Boro,England,Lab,Lab,Lab maj,Labour + Green,Y,10/07/2019,Link,No,No,No,No,2030.0,2050,,#NAME?,MRT,E09000024
London Borough of Newham,London Boro,England,Lab,Lab,Lab maj,Labour,Y,15/04/2019,Link,No,"No but ""climate and health emergency""",No,Yes,2030.0,2030 (carbon zero 2050),,#NAME?,NWM,E09000025
London Borough of Redbridge,London Boro,England,Lab,Lab,Lab maj,Labour,Y,20/06/2019,Link,No,No,"Yes ""9. Improve biodiversity and carbon storage (e.g. tree planting)""",No,2030.0,2050,,#NAME?,RDB,E09000026
London Borough of Richmond Upon Thames,London Boro,England,Lib dem,Lib dem,Lib Dem maj,Green,Y,09/07/2019,Link,Yes,No,No,No,2030.0,None,,#NAME?,RIC,E09000027
London Borough of Southwark,London Boro,England,Lab,Lab,Lab maj,Labour,Y,27/03/2019,Link,No,No,"Yes ""Protecting Southwark’s biodiversity""","Yes ""lobby""",2030.0,2030,,#NAME?,SWK,E09000028
London Borough of Sutton,London Boro,England,Lib dem,Lib dem,Lib dem maj,Liberal Democrat,Y,22/07/2019,Link,No,Not in motion (although they say they did),"Yes ""harmful effect climate change is having on ecosystems""",Yes,,2030 (2045),,#NAME?,STN,E09000029
London Borough of Tower Hamlets,London Boro,England,Lab,Lab,Lab maj,Labour,Y,17/07/2019,Link (Technically Mayor declared a climate emergency in March 2019 but Council followed up with motion to spell out commitments),No,No,No,Yes,2025.0,2050,,#NAME?,TWH,E09000030
London Borough of Waltham Forest,London Boro,England,Lab,Lab,Lab maj,Labour,Y,25/04/2019,Link,No,No,No,Yes,,None (Unclear as Climate Commission report mentions 2030 target but Council website does not mention a net zero target),,#NAME?,WFT,E09000031
London Borough of Wandsworth,London Boro,England,Con,Con,Con maj,Conservative,Y,17/07/2019,Link,No,No,No,No,2030.0,2050,,#NAME?,WND,E09000032
Luton Borough Council,Unitary Eng,England,Lab,Lab,Lab maj,Labour,Y,13/01/2020,Link,No,No,"Yes - goal is ""Luton Council is... championing biodiversity.""",Yes,2040.0,2040,,#NAME?,LUT,E06000032
Maidstone Borough Council,District,England,NOC (Lib dem + Ind),Con,Con maj,Labour,Y,10/04/2019,Link,No,"Yes ""global climate and biodiversity emergencies""",Declared.,"Yes ""write to Chancellor of Exchequer... funding be made available""",2030.0,2030,,#NAME?,MAI,E07000110
Maldon District Council,District,England,Independent,Independent,Independent,Statement from staff,Y,04/02/2021,Link (approved here),No,No,No,No,2030.0,2030 (within same timescale),,#NAME?,MAL,E07000074
Malvern Hills District Council,District,England,NOC,NOC,Ind + Green + Lib dem,Green,Y,23/07/2019,Link,No,No,No,"Yes ""urgent representations""",2030.0,2050,,#NAME?,MAV,E07000235
Manchester City Council,Metro Boro,England,Lab,Lab,Lab maj,Labour,Y,10/07/2019,Link,No,No,"Yes ""Make climate breakdown and the environment, an integral part of activity""",Yes,2038.0,2038,,#NAME?,MAN,E08000003
Mansfield District Council,District,England,NOC,NOC,Lab min,Labour,Y,05/03/2019,Link,No,No,No,Yes,2040.0,2040,,#NAME?,MAS,E07000174
Medway Council,Unitary Eng,England,CON,CON,Con maj,Labour,Y,25/04/2019,Link,No,No,"Yes ""extinctions of plant, insect and animal species""","Yes ""write to Chancellor of Exchequer... funding be made available""

Noted they wrote ",,2050 (Approved the Kent and Medway low-emission strategy),,#NAME?,MDW,E06000035
Melton Borough Council,District,England,Con,Con,Con maj,Conservative,Y,17/07/2019,Link,No,No,No,No,2030.0,None,,#NAME?,MEL,E07000133
Mendip District Council,District,England,NOC,NOC,LIB Dem min,Green,Y,25/02/2019,Link,No,No - (Although they said they declared Climate and ecological Emergency),No,Yes,2030.0,2030,,#NAME?,MEN,E07000187
Lisburn and Castlereagh City Council,Unitary NI,Northern Ireland,,,,,,28/09/2021,https://www.lisburncastlereagh.gov.uk/uploads/minutes/MM_28.09.2021_-_WEBSITE_Agenda_+_Reports.pdf,,,,,,,,,LBC,N09000007
Mid and East Antrim Borough Council,Unitary NI,Northern Ireland,NOC,NOC,DUP Min,SDLP,Y,09/09/2019,Link,No,No,No,No,,None,,#NAME?,MEA,N09000008
Mid Devon District Council,District,England,NOC,NOC,Ind + Lib Dem,Independent,Y,26/06/2019,Link,No,No,"Yes ""This council is significantly concerned that the environmental crises must be a priority.""",Yes,2030.0,2030,,#NAME?,MDE,E07000042
Mid Suffolk District Council,District,England,NOC,NOC,Con min,Conservative,Y,25/07/2019,Link,No,"Yes - separate ""Biodiversity Emergency"", 25/07/19 ",Declared,"Yes ""work with""",2030.0,2030,,#NAME?,MSU,E07000203
Mid Sussex District Council,District,England,,Con,Con maj,,N,,,,No,No,No,,None,,#NAME?,MSS,E07000228
Middlesbrough Borough Council,Unitary Eng,England,NOC,NOC,Ind min,Labour,Y,04/09/2019,Link,No,No,No,Yes,2029.0,2039,,#NAME?,MDB,E06000002
Midlothian Council,Unitary Scot,Scotland,NOC,NOC,Lab min,Labour,Y,17/12/2019,Link,No,No,"Yes ""Request that Council Scrutiny Panels consider the impact of climate change and the environment when reviewing Council policies and strategies;""",Yes,2030.0,2030 (within same timeframe) but does not seem to mention whole borough target in strategy,,#NAME?,MLN,S12000019
Milton Keynes,Unitary Eng,England,NOC (Lab min),NOC,Lab + Lib Dems,Labour,Y,23/01/2019,Link,No,No,"Yes ""clean air and biodiversity are key to a sustainable city""",Yes,2030.0,2030 (carbon negative by 2050),,#NAME?,MIK,E06000042
Mole Valley District Council,District,England,Lib dem,Lib dem,Lib dem maj,Liberal Democrat,Y,18/06/2019,Link,No,No,"Yes ""increasingly erratic climate and biodiversity loss.""

And action point ""make a positively beneficial impact on the environment and biodiversity in the District.""",Yes,2030.0,None,,#NAME?,MOL,E07000210
Monmouthshire County Council,Unitary Wales,Wales,Con,Con,Con maj,Liberal Democrat,Y,16/05/2019,Link,No,No,No,No,2030.0,None,,#NAME?,MON,W06000021
Neath Port Talbot County Borough Council,Unitary Wales,Wales,NOC,NOC,Independent,Green,Y,28/09/2022,Link,No,No,No,Yes,2030.0,None,,https://www.npt.gov.uk/1410?pr_id=7103,NTL,W06000012
New Forest District Council,District,England,,Con,Con maj,,Y,06/11/2021,Link,,Yes,"Yes ""We have a strong track record in our sustainability and environment stewardship. We have engaged in climate change actions for many years and, through policies and activities, have made the district more resilient, reduced carbon emissions, created space for nature, and provided the infrastructure to enable others to make choices that reduce emissions. Going forward, we will be taking more actions in every area of our day-to-day activities, in our operations, our civic buildings and depots, improving our natural environment to support nature recovery, as well as gaining a better understanding and measurement of what the issues are and what our actions are achieving.

A Sustainability Advisory Member Panel will now set actions to address the climate and nature emergency and will present a report to full Council in February 2022. ",No,2050.0,None,,#NAME?,NEW,E07000091
Newark and Sherwood District Council,District,England,Con,Con,Con maj,Labour,Y,16/07/2019,Link,No,No,"Yes, ""extinctions of plant, insect and animal species""",Yes,2035.0,None,,#NAME?,NEA,E07000175
Newcastle-Under-Lyme Borough Council,District,England,NOC,NOC,Con min,Labour,Y,03/04/2019,Link,Yes,No,No,Yes,2030.0,2030,,#NAME?,NEC,E07000195
Newcastle-upon-Tyne City Council,Metro Boro,England,Lab,Lab,Lab maj,Liberal Democrat,Y,03/04/2019,Link,No,No,No,Yes,2030.0,2030,,#NAME?,NET,E08000021
Newport City Council,Unitary Wales,Wales,Lab,Lab,Lab maj,Lab,Y,23/11/2021,Link,Yes,Yes,No,No,2030.0,2050,,#NAME?,NWP,W06000022
"Newry, Mourne and Down District Council",Unitary NI,Northern Ireland,NOC,NOC,Sinn Fein min,Independent + Alliance,Y,07/10/2019,Link,No,No,No,No,,None,,#NAME?,NMD,N09000010
Norfolk County Council,County,England,,Con,Con maj,,N,,,,No,No,,,None,,#NAME?,NFK,E10000020
North Ayrshire Council,Unitary Scot,Scotland,NOC,NOC,Lab min,Labour,Y,25/06/2019,Link,No,No,No,No,2030.0,2030,,#NAME?,NAY,S12000021
North Devon Council,District,England,Lib dem,Lib dem,Lib dem maj,Liberal Democrat,Y,24/07/2019,Link,No,Yes - climate and biodiversity emergency,Declared,Yes,2030.0,2030,,#NAME?,NDE,E07000043
North East Combined Authority,Combined Authority,England,Lab,Lab,Lab maj,Lab,Y,05/11/2019,Link,No,No,"Yes ""catastrophic social and ecological impacts""",Yes,,None,,#NAME?,NECA,E47000010
North East Derbyshire District Council,District,England,Con,Con,Con maj,Liberal Democrat,Y,08/07/2019,Link,No,"Yes, Climate and Ecological emergency","Declared and this point in motion ""protect and enhance our natural environment, stimulate biodiversity and nurture our wildlife and pollinators.""",No,2030.0,None,,#NAME?,NED,E07000038
North East Lincolnshire Council,Unitary Eng,England,Con,Con,Con maj,Liberal Democrat,Y,19/09/2019,Link (need to check link with other people - had to request minutes),No,No,No,No,2050.0,None,,#NAME?,NEL,E06000012
North Hertfordshire District Council,District,England,NOC (Lab + Lib Dem),NOC,Lab + Lib Dem,Labour,Y,21/05/2019,Link,No,No,No,Yes,2030.0,2030,,#NAME?,NHE,E07000099
North Kesteven District Council,District,England,Ind,Ind,Ind maj,Independent,Y,11/07/2019,Link,No,No,No,Yes,2030.0,2030,,#NAME?,NKE,E07000139
North Lanarkshire,Unitary Scot,Scotland,NOC,NOC,Lab min,SNP,Y,20/06/2019,Link,No,No,No,No,2030.0,2045,,#NAME?,NLK,S12000050
North Lincolnshire Council,Unitary Eng,England,,Con,Con maj,,N,,,,No,No,No,,None,,#NAME?,NLN,E06000013
North Norfolk District Council,District,England,Lib Dem,Lib Dem,Lib dem maj,Liberal Democrat,Y,24/04/2019,Link,No,No,No,No,2030.0,None,,#NAME?,NNO,E07000147
North Northamptonshire,Unitary Eng,England,,Con,Con maj,,Y,28/07/2021,Link,No,Yes (environment emergency),Yes (Environment,"No - inform MPs, government of the commitment",2030.0,2050,,#NAME?,NNT,E06000061
North of Tyne Combined Authority,Combined Authority,England,Lab,Lab,Lab maj,Lab,Y,07/05/2019,Link,No,No,No,Yes,2050.0,2050,,https://www.chroniclelive.co.uk/news/north-east-news/new-north-tyne-mayor-jamie-16239760,NTCA,E47000011
North Somerset Council,Unitary Eng,England,CON,CON,Con maj,Liberal Democrat,Y,19/02/2019,Link,No,"Yes - ""Ecological emergency"" separate (Nov 2020)",Declared,Yes,2030.0,2030,,#NAME?,NSM,E06000024
North Tyneside,Metro Boro,England,Lab,Lab,Lab maj,Labour,Y,25/07/2019,Link,No,No,No,Yes,2030.0,2030,,https://democracy.northtyneside.gov.uk/documents/s14850/Carbon%20Net%20Zero%202030_Action%20Plan-Appendix%201.pdf,NTY,E08000022
North Warwickshire Borough Council,District,England,Con,Con,Con maj,Labour,Y,22/10/2019,Link,No,No,No,No,,None,,#NAME?,NWA,E07000218
North West Leicestershire District Council,District,England,Con,Con,Con maj,Conservative,Y,25/06/2019,Link,No,No,No,Yes,2030.0,2050,,#NAME?,NWL,E07000134
North Yorkshire County Council,County,England,,Con,Con maj,,N,,Link,,No,No,No,2030.0,None,,#NAME?,NYK,E10000023
Northumberland County Council,Unitary Eng,England,NOC (Con min),Con,Con maj,Conservative,Y,11/06/2019,Link,No,No,No,"Yes, ""Work with the government""",2030.0,2030,,#NAME?,NBL,E06000057
Norwich City Council,District,England,Lab,Lab,Lab maj,Green,"Y ""recognise""",29/01/2019,Link,No,Not officially declared but passed a separate Biodiversity emergency motion on Sept 24th 2019,Yes on Sept 24th 2019.,Yes,2030.0,2050,,#NAME?,NOW,E07000148
Nottingham City Council,Unitary Eng,England,Lab,Lab,Lab maj,Labour,Y,21/01/2019,Link,No,"Yes ""climate and ecological emergency""",Declared,No,2028.0,2028,,#NAME?,NGM,E06000018
Nottinghamshire County Council,County,England,Con,Con,Con maj,Conservative,Y,27/05/2021,Link,None,No,No,No,2030.0,None,,#NAME?,NTT,E10000024
Nuneaton and Bedworth Borough Council,District,England,NOC (Lab min),Con,Con maj,Alliance,Y,04/12/2019,Link,No,No,No,Yes,2030.0,None,,#NAME?,NUN,E07000219
Oadby and Wigston Borough Council,District,England,,Lib dem,Lib Dem maj,,N,,,,No,No,No,,None,,#NAME?,OAD,E07000135
Oldham Metropolitan Borough Council,Metro Boro,England,Lab,Lab,Lab maj,Liberal Democrat,Y,11/09/2019,Link,No,No,"Yes ""harmful effects climate change has on... natural habitats and eco-systems.""",Yes,2025.0,2030,,#NAME?,OLD,E08000004
Orkney Islands Council,Unitary Scot,Scotland,IND,IND,Ind maj,Independent,Y,14/05/2019,Link,No,No,No,No,2045.0,2045,,#NAME?,ORK,S12000023
Oxford City Council,District,England,Lab,Lab,Lab maj,Green,Y,28/01/2019,Link,No,No,No,Yes,2030.0,2040,,#NAME?,OXO,E07000178
Oxfordshire County Council,County,England,NOC,NOC,Lib Dem + Labour + Green,Labour,"Y - ""Acknowledge not declared""",02/04/2019,Link,No,No,No,Yes,2030.0,"2050 ""enable a net-zero""",,#NAME?,OXF,E10000025
Pembrokeshire County Council,Unitary Wales,Wales,NOC,NOC,IND + LAB + Lib Dem + Plaid Cymru,Labour,Y,09/05/2019,Link,No,No,No,Yes - Welsh and UK governments,2030.0,2050 (I cannot find this target date mentioned),,#NAME?,PEM,W06000009
Pendle Borough Council,District,England,NOC (Labour + Lib Dem),Con,Con maj,Liberal Democrat + Labour,Y,11/07/2019,Link,No,No,"Yes - references ""climate and environmental emergency"" in preamble",No,2030.0,2030,,#NAME?,PEN,E07000122
Perth and Kinross Council,Unitary Scot,Scotland,NOC,NOC,Con + Lib Dem + Ind,SNP,N - motion in support of Scottish and UK governments and to do more,19/06/2019,Link,No,No,No,No,2045.0,2045,,#NAME?,PKN,S12000048
Peterborough City Council,Unitary Eng,England,NOC,NOC,Con min,Conservative,Y,24/07/2019,Link,No,No,No,Yes,2030.0,2030,,#NAME?,PTE,E06000031
Plymouth City Council,Unitary Eng,England,Lab,NOC,Con min,Labour,Y,18/03/2019,Link,No,No,No,Yes,2030.0,2030,,#NAME?,PLY,E06000026
Portsmouth City Council,Unitary Eng,England,NOC (Lib Dem min),NOC,Lib dem min,Labour,Y,19/03/2019,Link,No,No,No,Yes,2030.0,2030,,#NAME?,POR,E06000044
Powys County Council,Unitary Wales,Wales,NOC,NOC,Ind + Con,Liberal democrat + Green group,Y,30/07/2020,Link,No,No,No,Yes - Welsh and UK governments,2030.0,2050,,#NAME?,POW,W06000023
Preston City Council,District,England,Lab,Lab,Lab maj,Labour,Y,18/04/2019,Link,No,No,No,Yes,2030.0,2030,,#NAME?,PRE,E07000123
Reading Borough Council,Unitary Eng,England,LAB,LAB,Lab maj,Labour,Y,26/02/2019,Link,No,No,No,Yes - specific list of actions,2030.0,2030,,#NAME?,RDG,E06000038
Redcar and Cleveland Borough Council,Unitary Eng,England,NOC,NOC,IND + Lib Dem,Liberal Democrat,Y,28/03/2019,Link,No,No,Yes,No,2030.0,2030,,#NAME?,RCC,E06000003
Redditch Borough Council,District,England,Con,Con,Con maj,Conservative,Y,23/09/2019,Link,No,No,No,No,,None,,#NAME?,RED,E07000236
Reigate and Banstead Borough Council,District,England,,Con,Con maj,,N,,,,No,No,No,,2050,,#NAME?,REI,E07000211
Renfrewshire Council,Unitary Scot,Scotland,NOC,NOC,SNP min,SNP,Y,27/06/2019,Link,Yes,Yes - climate and environment emergency,Declared,No,2030.0,2030,,#NAME?,RFW,S12000038
Ribble Valley Borough Council,District,England,,Con,Con maj,,N,,,,No,No,,,2030 (aim in the corporate strategy),,#NAME?,RIB,E07000124
Richmondshire District Council,District,England,Con,Con,Con maj,Green,Y,23/07/2019,Link,No,No - (Although in their plan they said they did),"Yes - ""the health of ecosystems on which we depend is deteriorating more rapidly""",Yes,2030.0,2030 (this is not mentioned on relevant Council page and missing from plan),,#NAME?,RIH,E07000166
Rochdale Metropolitan Borough Council,Metro Boro,England,Lab,Lab,Lab maj,Liberal Democrat,Y,17/07/2019,Link,No,No,No,No,2038.0,2038,,#NAME?,RCH,E08000005
Rochford District Council,District,England,,Con,Con maj,,N,,,,No,No,No,2030.0,None,,#NAME?,ROC,E07000075
Rossendale Borough Council,District,England,Lab,NOC,Lab min,Labour,Y,25/09/2019,Link,No,No,No,"Yes - ""write""",2030.0,None,,#NAME?,ROS,E07000125
Rother District Council,District,England,NOC,NOC,Ind min,Liberal Democrat + Green,Y,16/09/2019,Link,No,No,"No

Although will be addressed in Local Plan review",Yes,2030.0,2030,,#NAME?,ROH,E07000064
Rotherham Metropolitan Borough Council,Metro Boro,England,Lab,Lab,Lab maj,Labour,Y,30/10/2019,Link,Yes,No,No,Yes,2030.0,2040,,#NAME?,ROT,E08000018
Royal Borough of Greenwich,London Boro,England,Lab,Lab,Lab maj,Labour,Y,26/06/2019,Link,No,No,No,Yes - lobby,2030.0,2030,,#NAME?,GRE,E09000011
Royal Borough of Kensington and Chelsea,London Boro,England,Con,Con,Con maj,Labour,Y,01/10/2019,Link,No,Yes - climate and environment emergency,Declared,No - Call on Mayor of London for electric buses,2030.0,2040,,#NAME?,KEC,E09000020
Royal Borough of Kingston upon Thames,London Boro,England,Lib dem,Lib dem,Lib dem maj,Liberal Democrat,Y,25/06/2019,Link,No,No,Reference in minutes rather than motion,Yes,2038.0,2038,,#NAME?,KTT,E09000021
Royal Borough of Windsor and Maidenhead,Unitary Eng,England,Con,Con,Con maj,Conservative,Y,26/06/2019,Link,No,"Yes, environment and climate emergency",Declared,Yes,2050.0,2050,,#NAME?,WNM,E06000040
Rugby Borough Council,District,England,Con,Con,Con maj,Conservative + Labour + Liberal,Y,18/07/2019,Link,No,No,No,"Yes - ""when required, call on""",2030.0,None,,#NAME?,RUG,E07000220
Runnymede Borough Council,District,England,Con,Con,Con maj,Labour,Y,17/10/2019,Link,No,No,No,No,,2050 (adopted Surrey Climate Strategy),,#NAME?,RUN,E07000212
Rushcliffe Borough Council,District,England,CON,CON,Con maj,Green,Y,07/03/2019,Link,No,No,No,Yes,2030.0,None,,#NAME?,RUS,E07000176
Rushmoor Borough Council,District,England,Con,Con,Con maj,Labour + Conservative,Y,20/06/2019,Link,No,No,No,No,2030.0,None,,#NAME?,RUH,E07000092
Rutland County Council,Unitary Eng,England,Con,Con,Con maj,,N (Climate Change Action Motion),14/10/2019,Link,,No,No,Yes,2050.0,None,,#NAME?,RUT,E06000017
Ryedale District Council,District,England,NOC,NOC,Con min,Liberal Democrat,Y,10/10/2019,Link,No,No,No,No,2050.0,2050,,#NAME?,RYE,E07000167
Salford City Council,Metro Boro,England,Lab,Lab,Lab maj,Labour,Y,17/07/2019,Link,No,No,"Yes ""catastrophic consequences... for the natural world""",Yes,2038.0,2038,,#NAME?,SLF,E08000006
Sandwell Metropolitan Borough Council,Metro Boro,England,Lab,Lab,Lab maj,Labour,Y,10/03/2020,Link,No,No,No,No,2041.0,2041,,#NAME?,SAW,E08000028
Scarborough Borough Council,District,England,NOC,NOC,Lab + Ind,Green,Y,07/01/2019,Link,No,No,No,Yes,2030.0,2030,,#NAME?,SCE,E07000168
Scottish Borders,Unitary Scot,Scotland,NOC,NOC,Con + Ind,Lib dem,Y,05/09/2020,Link,Yes,No,Yes,No,2045.0,2045,,#NAME?,SCB,S12000026
Sedgemoor District Council,District,England,Con,Con,Con maj,Conservative + Labour,Y,20/03/2019,Link,No,No,No,Yes,2030.0,2030,,#NAME?,SEG,E07000188
Sefton Metropolitan Borough Council,Metro Boro,England,Lab,Lab,Lab maj,Labour,Y,18/07/2019,Link,No,No,No,Yes,2030.0,None,,#NAME?,SFT,E08000014
Selby District Council,District,England,Con,Con,Con maj,,N - but committment to 2030 target for Council emissions.,,,,No,No,No,2030.0,None,*No declaration but committment to 2030 target for in house emissions.,#NAME?,SEL,E07000169
Sevenoaks District Council,District,England,,Con,Con maj,,N,19/10/2019,Not a Climate Emergency motion but Climate Change report that was approved,No,No,No,Yes,2030.0,None,,#NAME?,SEV,E07000111
Sheffield City Council,Metro Boro,England,LAB,NOC,Lab + Green,Labour,Y,06/02/2019,Link,Yes,"Yes, Biodiversity and Ecological Emergency (separate - March 2021)",Later declared ,No,2030.0,2030,,#NAME?,SHF,E08000019
Sheffield City Region combined authority,Combined Authority,England,Lab,Lab,Lab maj,Lab,Y,07/11/2019,Link,No,Yes (Climate and Environmental emergency),Yes,No,2040.0,2040,,#NAME?,SCR,E47000002
Shetland Islands Council,Unitary Scot,Scotland,Ind,Ind,Ind maj,Independent,Y,22/01/2020,Link,No,No,No,No,2045.0,2045,,#NAME?,ZET,S12000027
Shropshire Council,Unitary Eng,England,Con,Con,Con maj,Liberal Democrat,Y,16/05/2019,Link,No,No,"Yes ""climate change... potential impacts on weather systems and biodiversity""","Yes ""Leader to write to Sec of State""",2030.0,"2030 - ""Our vision is for Shropshire Council to become carbon net-neutral by 2030 and assist in the ambition for Shropshire as a whole to become carbon net-neutral in the same year.""",,#NAME?,SHR,E06000051
Slough Borough Council,Unitary Eng,England,Lab,Lab,Lab maj,Lab,N (Climate Change motion passed),23/07/2019,Climate Change motion (not Climate Emergency),Yes (Council services),No,No,No,,None,,#NAME?,SLG,E06000039
Solihull Metropolitan Borough Council,Metro Boro,England,Con,Con,Con maj,Green,Y,08/10/2019,Link,No,No,"Yes, ""problems of climate change, air pollution and reduction of species & biodiversity need to be treated together""",Yes - work with WMCA in seeking from the UK government...,2030.0,2041 (set recently),,#NAME?,SOL,E08000029
Somerset County Council,County,England,Lib dem,Lib dem,Lib dem maj,Liberal Democrat,Y,20/02/2019,Link,No,No,No,Yes,2030.0,2030,,#NAME?,SOM,E10000027
Somerset West and Taunton Council,District,England,Lib dem,Lib dem,Lib dem maj,Green,Y,21/02/2019,Link,Yes,Yes - Ecological Emergency (separate - Oct 2020),"Yes in CE declaration ""greater loss of species and habitats, changing ecosystems""

Later declared",Yes,2030.0,2030,,#NAME?,SWT,E07000246
"South Buckinghamshire District
Council",District,England,Council - abolished,Council - abolished,Council - abolished,Council - abolished,,,,,,,,,,,#NAME?,,
South Cambridgeshire District Council,District,England,Lib dem,Lib dem,Lib dem maj,Liberal Democrat,Y,28/11/2019,Link,Yes,No,No,Yes,2050.0,2050,,#NAME?,SCA,E07000012
South Derbyshire District Council,District,England,Con,Con,Con maj,Labour,Y,27/06/2019,Link,Yes,No,No,Yes,2030.0,None,,#NAME?,SDE,E07000039
South Gloucestershire Council,Unitary Eng,England,Con,Con,Con maj,Liberal Democrat,Y,17/07/2019,Link,No,"No - but it is one of the guiding principles for the Action Plan

A motion to declare an ecological emergency was withdrawn in December 2020",No,Yes,2030.0,2030,,#NAME?,SGC,E06000025
South Hams District Council,District,England,Con,Con,Con maj,Conservative,Y,25/07/2019,Link,No,"Yes - ""Climate Change and Biodiversity Emergency""",Declared,No,2030.0,2050,,#NAME?,SHA,E07000044
South Holland District Council,District,England,,Con,Con maj,,N,,,,No,No,,,None,,#NAME?,SHO,E07000140
South Kesteven District Council,District,England,Con,Con,Con maj,Conservative,Y,26/09/2019,Link,No,No,No,No,2050.0,None - only focused on organisation,,#NAME?,SKE,E07000141
South Lakeland District Council,District,England,Lib dem,Lib dem,Lib dem maj,Liberal Democrat,Y,26/02/2019,Link,No,No,No,No,2030.0,2037,,#NAME?,SLA,E07000031
South Lanarkshire,Unitary Scot,Scotland,NOC,NOC,SNP min,SNP,Y,25/09/2019,Link,No,No,No,No,2045.0,2045,,#NAME?,SLK,S12000029
South Norfolk District Council,District,England,,Con,Con maj,,N,,,,No,No,No,,None,,#NAME?,SNO,E07000149
South Oxfordshire District Council,District,England,NOC,NOC,Lib Dem + Green,Labour,Y,11/04/2019,Link,No,Yes - separate (Feb 2021),Not in CE declaration but declared separately,Yes,2025.0,2030,,#NAME?,SOX,E07000179
South Ribble Borough Council,District,England,NOC,NOC,Lab maj,Labour,Y,24/07/2019,Link,No,No,No,No,2030.0,2030,,#NAME?,SRI,E07000126
South Somerset District Council,District,England,Lib Dem,Lib Dem,Lib dem maj,Liberal Democrat,Y,21/05/2019,Link,No,Yes (climate and ecological),Declared,No,2030.0,None,,#NAME?,SSO,E07000189
South Staffordshire District Council,District,England,Con,Con,Con Maj,Green,Y,10/09/2019,Link,No,No,No,Yes,,None,,#NAME?,SST,E07000196
South Tyneside Council,Metro Boro,England,Lab,Lab,Lab maj,Green,Y,18/07/2019,Link,No,No,No,Yes,2030.0,None,,#NAME?,STY,E08000023
Southampton City Council,Unitary Eng,England,Lab,Con,Con maj,Labour,Y,18/09/2019,Link,No,No,No,No,2030.0,None,,#NAME?,STH,E06000045
Southend-on-Sea Borough Council,Unitary Eng,England,NOC (Lab + Lib Dem + Ind),NOC,Lab + Ind + Lib Dem,Liberal Democrat + Labour,Y,18/07/2019,Link,No,No,No,Yes,2030.0,2050,,#NAME?,SOS,E06000033
Spelthorne Borough Council,District,England,Con,Con,Con maj,Liberal Democrat,Y,14/10/2020,Link,No,No,No,"No ""Write to the Government asking them to confirm what support will be made available to local authorities to help achieve this goal.""",,?,,#NAME?,SPE,E07000213
St Albans City and District Council,District,England,NOC (Lib dem min),Lib dem,Lib dem maj,Liberal Democrat,Y,09/07/2019,Link,No,No,No,Yes,2030.0,2030,,#NAME?,SAL,E07000240
St Helens Metropolitan Borough Council,Metro Boro,England,Lab,Lab,Lab maj,Labour,Y,10/06/2019,Link,No,No,No,Yes,2040.0,2040,,#NAME?,SHN,E08000013
Stafford Borough Council,District,England,Con,Con,Con maj,Green + Labour,Y,23/07/2019,Link,No,No,No,Yes,2040.0,2040,,#NAME?,STA,E07000197
Staffordshire County Council,County,England,Con,Con,Con maj,Conservative,Y,25/07/2019,Link,No,No,Yes - environmental degradation (UN sustainability goals,Yes,2050.0,None,,#NAME?,STS,E10000028
Staffordshire Moorlands District Council,District,England,NOC,NOC,Con min,Labour,Y,10/07/2019,Link,No,No,No,Yes,2030.0,2030,,#NAME?,STF,E07000198
Stevenage Borough Council,District,England,Lab,Lab,Lab maj,Labour,Y,12/06/2019,Link,No,No,No,Yes - with a very specific list of demands!,2030.0,2030,,#NAME?,STV,E07000243
Stirling Council,Unitary Scot,Scotland,NOC,NOC,SNP + LAB,SNP + Labour,Y,03/10/2019,Link,Yes,Yes 'Climate and Ecological emergency,Declared,No,2045.0,2045,,#NAME?,STG,S12000030
Stockport Metropolitan Borough Council,Metro Boro,England,NOC,NOC,Lab min,Labour,Y,28/03/2019,Link,No,No,No,Yes,2038.0,2038,,#NAME?,SKP,E08000007
Stockton-on-Tees Borough Council,Unitary Eng,England,,NOC,Lab min,,N,,,,No,No,No,,None,,#NAME?,STT,E06000004
Stoke-on-Trent City Council,Unitary Eng,England,NOC,NOC,Con min,Labour,Y,04/07/2019,Link,No,No,No,Yes,,None,,#NAME?,STE,E06000021
Stratford-on-Avon District Council,District,England,Con,Con,Con maj,Liberal Democrat + Conservative,Y,15/07/2019,Link,Yes,No (actually turned it down),No,Yes,2030.0,2030,,#NAME?,STR,E07000221
Stroud District Council,District,England,NOC (Lab + Green + Lib Dem),NOC,Lab + Green + Lib dem,Green,Y,13/12/2018,Link,Yes,No,No,No,2030.0,2030,,#NAME?,STO,E07000082
Suffolk County Council,County,England,Con,Con,Con maj,Green,Y,21/03/2019,Link,No,No,No,"Yes ""work with""",2030.0,Aspiration to make Suffolk county carbon neutral by 2030,,#NAME?,SFK,E10000029
Sunderland City Council,Metro Boro,England,Lab,Lab,Lab maj,Conservative,Y,27/03/2019,Link,No,No,"Yes ""changes in ecosystems""",Yes,2030.0,2040,,#NAME?,SND,E08000024
Surrey County Council,County,England,Con,Con,Con maj,Conservative,Y,09/07/2019,Link,No,No,No,"Yes - ""write to the government asking them to confirm what support will be made available""",2030.0,2050,,#NAME?,SRY,E10000030
Surrey Heath Borough Council,District,England,Con,Con,Con maj,Conservative,Y,09/10/2019,Link,No,No,"Included in declaration - 'business as usual not an option in the face of the climate and biodiversity emergency'.

Theme in Action Plan",No,2030.0,None,,#NAME?,SUR,E07000214
Swale Borough Council,District,England,NOC,NOC,Lab min,Green,Y,26/06/2019,Link,No,Yes - 'Climate and Ecological Emergency,"Declared 

Also included in action plan. And have separate biodiversity action plan (2016)",Yes,2025.0,2030,,#NAME?,SWL,E07000113
Swindon Borough Council,Unitary Eng,England,,Con,Con maj,,N,,,,No,No,,,None,,#NAME?,SWD,E06000030
Tameside Metropolitan Borough Council,Metro Boro,England,Lab,Lab,Lab maj,Labour,Y,24/02/2020,Link,No,No,No,Yes,2038.0,2038,,#NAME?,TAM,E08000008
Tamworth Borough Council,District,England,Con,Con,Con maj,Conservative,Y,19/10/2019,Link,No,No,No,No,2050.0,None,,#NAME?,TAW,E07000199
Tandridge District Council,District,England,NOC (Con min),NOC,Ind min,Liberal Democrat,Y,13/02/2020,Link,No,No,"Yes ""duty to limit the negative impacts of... biodiversity loss"" 

Also mentioned in Climate Action Plan",No,2030.0,None,,#NAME?,TAN,E07000215
Teignbridge District Council,District,England,Lib dem,Lib dem,Lib dem maj,Liberal Democrat,Y,18/04/2019,Link,No,No,"Yes - not in declaration but state they declared ""environment and climate emergency"" on plans normal page",Yes,2025.0,2030,,#NAME?,TEI,E07000045
Telford & Wrekin Council,Unitary Eng,England,Lab,Lab,Lab maj,Labour,Y,25/07/2019,Link,Yes,No,No,Yes,2030.0,None,,#NAME?,TFW,E06000020
Tendring District Council,District,England,NOC,NOC,Con min,Conservative,Y,06/08/2019,Link,No,No,No,Yes,2030.0,None,,#NAME?,TEN,E07000076
Test Valley Borough Council,District,England,Con,Con,Con maj,Conservative,Y,04/09/2019,Link,No,No,No,No,2050.0,None,,#NAME?,TES,E07000093
Tewkesbury Borough Council,District,England,Con,Con,Con maj,Conservative,Y,01/10/2019,Link,No,No,No,Yes,,None,,#NAME?,TEW,E07000083
Thanet District Council,District,England,NOC,NOC,Con min,Labour,Y,11/07/2019,Link,No,"Yes, ""We are recognising a biodiversity or ecological crisis as implicit within the declaration of ‘climate emergency’.""",Yes - clarification came later,Yes,2030.0,None,,#NAME?,THA,E07000114
The Highland Council,Unitary Scot,Scotland,NOC,NOC,IND + LAB + Lib Dem,Green,Y,09/05/2019,Link,No,Yes - climate and ecological emergency,Declared,No,2045.0,2045,,#NAME?,HLD,S12000017
The Moray Council,Unitary Scot,Scotland,NOC,NOC,SNP min,SNP,Y,27/06/2019,Link,No,"Unsure - 'recognised that climate change is an ecological emergency'
",Yes - 'recognised that climate change is an ecological emergency',No,2030.0,2045,,#NAME?,MRY,S12000020
Three Rivers District Council,District,England,Lib dem,Lib dem,Lib dem maj,Liberal Democrat,Y,21/05/2019,Link,No,No,No,Yes,2030.0,2030,,#NAME?,THE,E07000102
Thurrock Council,Unitary Eng,England,NOC (Con min),Con,Con maj,Labour,Y,23/10/2019,Link,No,No,No,Yes,2030.0,None,,#NAME?,THR,E06000034
Tonbridge and Malling Borough Council,District,England,Con,Con,Con maj,Conservative,Y,09/07/2019,Link,No,Yes (climate and biodiversity declaration),Declared,No,2030.0,2030,,#NAME?,TON,E07000115
Torbay Council,Unitary Eng,England,NOC,NOC,Lib Dem + Ind,Liberal Democrat,Y,19/06/2019,Link,No,No,No,Yes,2050.0,2050,,#NAME?,TOB,E06000027
Torfaen County Borough Council,Unitary Wales,Wales,Lab,Lab,Lab maj,Labour,Y,25/06/2019,Link,No,No,No,No,,None,,#NAME?,TOF,W06000020
Torridge District Council,District,England,Con,Con,Con maj,Green + Independent,Y,01/07/2019,Link,No,No,"Yes ""promote and protect biodiversity is mentioned.""",No,2030.0,None,,#NAME?,TOR,E07000046
Trafford Metropolitan Borough Council,Metro Boro,England,Lab,Lab,Lab maj,Green,Y,28/11/2018,Link,No,No,"Yes ""catastrophic consequences for humans and the natural world.""",Yes,2038.0,2038,,#NAME?,TRF,E08000009
Tunbridge Wells Borough Council,District,England,Con,NOC,Con min,Conservative + Labour,Y,17/07/2019,Link,No,Yes - Climate & Biodiversity Declaration,Declared,Yes,2030.0,2030,,#NAME?,TUN,E07000116
Uttlesford District Council,District,England,Ind,Ind,Ind maj,Independent + Green + Conservative,Y,30/07/2019,Link,No,Yes - Climate & Ecological Declaration,"Declared

Also in climate action strategy",Yes,2030.0,2030,,#NAME?,UTT,E07000077
Vale of Glamorgan Council,Unitary Wales,Wales,NOC,NOC,Lab + Ind,Labour,Y,29/07/2019,Link,No,No,No,Yes,2030.0,2050,,#NAME?,VGL,W06000014
Vale of White Horse District Council,District,England,Lib dem,Lib dem,lib dem maj,Liberal Democrat,Y,13/02/2019,Link,No,No,No,Yes,2030.0,2045,,#NAME?,VAL,E07000180
Wakefield Metropolitan District Council,Metro Boro,England,Lab,Lab,Lab maj,Labour,Y,23/05/2019,Link,No,Yes - separate (March 2021),Declared,Yes,2030.0,2050,,#NAME?,WKF,E08000036
Walsall Metropolitan Borough Council,Metro Boro,England,Con,Con,Con maj,Labour,Y,16/09/2019,Link,No,No,No,No,2050.0,2050,,#NAME?,WLL,E08000030
Warrington Borough Council,Unitary Eng,England,Lab,Lab,Lab maj,Labour,Y,07/06/2019,Link,No,Yes - Ecological Emergency separate (Dec 2020),Declared,Yes,,2030 - in plan,,#NAME?,WRT,E06000007
Warwick District Council,District,England,NOC,NOC,Con min,Labour,Y,26/06/2019,Link,No,No,"Yes ""extinctions of plant, insect and animal species""","Yes ""lobby central government""",2025.0,2030,,#NAME?,WAW,E07000222
Warwickshire County Council,County,England,Con,Con,Con maj,Labour,Y,25/07/2019,Link,No,No,No,Yes,2050.0,2050,,#NAME?,WAR,E10000031
Watford Borough Council,District,England,Lib Dem,Lib Dem,Lib dem maj,Liberal Democrat,Y,09/07/2019,Link,No,No,No,Yes,2030.0,2030,,#NAME?,WAT,E07000103
Waverley Borough Council,District,England,NOC,NOC,Lib dem + Ind,Independent,Y,18/09/2019,Link,No,No,No,Yes,2030.0,2030,,#NAME?,WAE,E07000216
Wealden District Council,District,England,Con,Con,Con maj,Conservative,Y,24/07/2019,Link,Yes,No,No,"Yes, ""Work with""",2050.0,2050,,#NAME?,WEA,E07000065
Wellingborough Borough Council,District,England,,Council - abolished,Council - abolished,Council - abolished,N,,,,No,No,No,,Council - abolished,,#NAME?,WEL,E07000156
Welwyn Hatfield Borough Council,District,England,NOC (Con min),Con,Con maj,Liberal Democrat,Y,19/06/2019,Link,No,No,No,Yes,2030.0,"2030

Not sure if this is the date given councils plan",,#NAME?,WEW,E07000241
West Berkshire Council,Unitary Eng,England,Con,Con,Con maj,Conservative,Y,02/07/2019,Link,No,No,No,Yes,2030.0,2030,,#NAME?,WBK,E06000037
West Devon District Council,District,England,Con,Con,Con maj,Conservative,Y,21/05/2019,Link,No,"Yes - ""Climate and Biodiversity Emergency""","Declared

Also in plan - actions here",No,2030.0,2050,,#NAME?,WDE,E07000047
West Dunbartonshire,Unitary Scot,Scotland,NOC,NOC,SNP + IND,Independent,Y,29/05/2019,Link,No,No,No,Yes - Scottish and UK governments,2045.0,2045,,#NAME?,WDU,S12000039
West Lancashire District Council,District,England,Lab,NOC,Lab min,Labour,Y,17/07/2019,Link,No,No,No but mentions creation of new woodland in CE declaration.,Yes,2030.0,None,,#NAME?,WLA,E07000127
West Lindsey District Council,District,England,,Con ,Con maj,,N,,,,No,No,,2050.0,None,,#NAME?,WLI,E07000142
West Lothian,Unitary Scot,Scotland,NOC,NOC,Lab min,Labour,Y,24/09/2019,Link,Yes,No,No,Yes - Scottish,2045.0,2045,,#NAME?,WLN,S12000040
West Midlands Combined Authority,Combined authority,England,NOC,NOC,Con min,Lab,Y,28/06/2019,"Link to article

Link to minutes",No,No,No,No,2041.0,2041,,#NAME?,WMCA,E47000007
West Northamptonshire,Unitary Eng,England,New Council,Con,Con maj,,N - New Council,,,,No - new council,No - new council,No - new council,,No - new council,,#NAME?,WNT,E06000062
West of England Combined Authority,Combined authority,England,NOC,NOC,Con min,Lab,Y,01/07/2019,Link,No,No,No,No,2030.0,2030,,#NAME?,WECA,E47000009
West Oxfordshire District Council,District,England,Con,Con,Con maj,Conservative,Y,26/06/2019,Link (ignore wrong date in title of the document),No,Yes - in climate and ecological emergency,"Declared

Also a section in climate plan",No,2030.0,2050,,#NAME?,WOX,E07000181
West Suffolk Council,District,England,Con,Con,Con maj,Conservative,Y,19/09/2019,Link,No,"Yes - separate ""environmental emergency""",Yes - separate. ,No,2030.0,None,,#NAME?,WSK,E07000245
West Sussex County Council,County,England,CON,CON,Con maj,Labour,"Y ""note the call... to declare a climate emergency""",05/04/2019,Link,No,No,Not in declaration,Yes,2030.0,2050,,#NAME?,WSX,E10000032
West Yorkshire Combined Authority,Combined Authority,England,Lab,Lab,Lab maj,Lab,Y,27/06/2019,Link,No,No,No,No,2038.0,2038,,#NAME?,WYCA,E47000003
Westminster City Council,London Boro,England,Con,Con,Con maj,Conservative,Y,18/09/2019,Link,No,No,No,No,2030.0,2040,,#NAME?,WSM,E09000033
Wigan Metropolitan Borough Council,Metro Boro,England,Lab,Lab,Lab maj,Labour,Y,17/07/2019,Link,Yes,No,"Yes, ""protect, maintain and enhance our natural environment"" in climate emergency declaration


Climate Strategy is here. Mentions biodiversity with some actions listed.",Yes,2038.0,2038,,#NAME?,WGN,E08000010
Wiltshire Council,Unitary Eng,England,Con,Con,Con maj,Liberal Democrat,Y,26/02/2019,Link,No,No,No,Yes,2030.0,2030,,#NAME?,WIL,E06000054
Winchester City Council,District,England,Lib dem,Lib dem,Lib dem maj,Liberal Democrat,Y,05/06/2019,Link,No,No,No,Yes,2024.0,2030,,#NAME?,WIN,E07000094
Wirral Borough Council,Metro Boro,England,NOC,NOC,Lab min,Labour,Y,15/07/2019,Link,No,"Yes - ""Environmental and Climate Change""","Yes, policy statement here",Yes,2030.0,2041,,#NAME?,WRL,E08000015
Woking Borough Council,District,England,NOC (Con minority),NOC,Con min,Liberal Democrat,Y,25/07/2019,Link,No,No,"Yes in declaration 'recognise that there is a Climate and Ecological Emergency; and that the Council formally declares a Climate Emergency'

has separate Biodiversity Action Plan called Natural Woking (2016)",Yes,2030.0,2050,,#NAME?,WOI,E07000217
Wokingham Borough Council,Unitary Eng,England,Con,Con,Con maj,Conservative,Y,18/07/2019,Link,No,No,No,No,2030.0,2030,,#NAME?,WOK,E06000041
Wolverhampton City Council,Metro Boro,England,Lab,Lab,Lab maj,Labour,Y,17/07/2019,Link,No,No,No,Yes,2028.0,"2028 (Support and work with all partners in the City towards making the city zero carbon within the same timescale)
",,#NAME?,WLV,E08000031
Worcester City Council,District,England,NOC (Con min),Con,Con maj,Green,Y,16/07/2019,Link,No,No,No,Yes,2030.0,2030,,#NAME?,WOC,E07000237
Worcestershire County Council,County,England,,Con,Con maj,,Y,15/07/2021,,,No,No,,2050.0,None,Commitment to 50% area reduction by 2030 as per LEP Energy Strategy 2019,#NAME?,WOR,E10000034
Worthing Borough Council,District,England,Con,Con,Con maj,Conservative,Y,18/07/2019,Link,No,No,No,No,2030.0,None,,#NAME?,WOT,E07000229
Wrexham County Borough Council,Unitary Wales,Wales,NOC,NOC,Con + Ind,Plaid Cymru,Y,25/09/2019,Link,No,"Yes ""Climate and Ecological Emergency""",Declared,Yes - Welsh and UK governments,2030.0,2050,,#NAME?,WRX,W06000006
Wychavon District Council,District,England,,Con,Con maj,,N,,,,No,No,No,,2050,,#NAME?,WYC,E07000238
Wyre Borough Council,District,England,Con,Con,Con maj,Labour,Y,11/07/2019,Link,No,No,No,Yes - request,2050.0,2050,,#NAME?,WYR,E07000128
Wyre Forest District Council,District,England,NOC,NOC,Ind + Lib Dem,Liberal Democrat,Y,22/05/2019,Link,No,No,No,No,,None,,#NAME?,WYE,E07000239
Greater London Authority,Strategic Regional Authority,England,NOC,NOC,Labor (mayor),,Y,01/12/2019,Link,Yes,No,YES,,2030.0,2030,,https://www.london.gov.uk/sites/default/files/london_assembly_environment_committee_-_climate_emergency_report_final.pdf,GLA,E12000007
